id,timestamp,value,property,plug_id,household_id,house_id
1,1632659804,2671.7313751473152,1,37,6,5
2,1625553678,3749.5537473498593,1,24,6,5
3,1632787050,4565.828761288214,1,49,1,2
4,1636317767,2925.74766162736,1,19,4,5
5,1630540988,3630.6042203592406,1,25,5,1
6,1622774292,3785.4060102122794,0,21,3,2
7,1611693689,1889.2527463789322,0,12,9,4
8,1636195030,1205.4241616481593,1,41,1,2
9,1624045386,1025.2266425326245,1,33,6,3
10,1635761098,1257.2121975589923,0,50,6,4
11,1638669911,1373.658985129544,1,4,10,3
12,1633440628,1036.1382450402823,0,42,5,4
13,1619087719,4391.103337395961,0,7,5,5
14,1630708887,3784.9956608611433,0,22,10,2
15,1619986050,234.4823389560996,1,33,5,1
16,1630760085,1343.3624101265368,1,17,6,4
17,1616864052,110.92371015150815,0,24,8,4
18,1614440705,2490.8259332294647,0,34,2,3
19,1623412567,2381.053483945071,0,28,6,5
20,1628003307,4156.857450312506,0,43,1,3
21,1613980573,1538.8861988552471,0,41,4,3
22,1615479077,4081.9286760653117,1,39,10,5
23,1612803969,4839.868827199115,0,22,3,1
24,1618639551,442.0411168282329,1,49,9,3
25,1609562555,3959.0891973481644,0,17,3,3
26,1625423636,2949.7794856881806,1,34,6,4
27,1610721952,2400.2298350923757,1,6,1,5
28,1619243833,2102.6788933253756,1,46,6,2
29,1615123989,3923.3413197215477,1,6,4,1
30,1639808764,3196.8067848712117,1,34,8,1
31,1619155179,4025.2233375968094,1,1,9,5
32,1618764848,4515.755293383131,0,10,4,4
33,1615202266,3086.3185604864602,1,21,10,4
34,1620101690,4902.313625461889,0,5,10,5
35,1615572990,3040.439247709426,1,2,6,4
36,1638155433,3183.221608111413,1,22,1,1
37,1622696923,2774.0780427111285,0,48,4,1
38,1630957755,455.0104552566514,1,2,7,2
39,1639467471,3631.9851632511413,0,10,1,5
40,1636125966,2737.2315344955578,0,34,8,3
41,1622107837,2254.552237080522,0,16,10,3
42,1629512125,4552.356392016365,0,48,6,2
43,1626321070,1489.7972577097523,1,39,5,2
44,1614606781,2618.011380075056,1,22,10,4
45,1628190770,3488.2093574673167,0,12,9,2
46,1637041206,3982.3588783693863,1,24,2,2
47,1638099699,2296.734039730862,1,47,5,3
48,1637278015,4210.457075093548,0,40,6,4
49,1634479096,3844.5887065769875,1,38,7,2
50,1611887588,331.1798892593293,0,10,5,2
51,1635153202,229.30633202316474,0,35,9,4
52,1612122246,3104.028422110456,1,49,1,5
53,1637211668,1737.0670411270712,1,32,7,4
54,1631736136,1045.6539553925709,1,7,10,3
55,1620418214,2898.249672358692,0,21,7,5
56,1632877329,1707.8160522827252,0,20,4,1
57,1624805251,2686.3170835703504,1,26,9,4
58,1629653080,2300.59579491786,1,4,5,3
59,1629622075,2923.830529745768,1,46,4,5
60,1612844557,2001.5024445514068,1,22,7,4
61,1625392881,3488.337868484659,0,15,4,2
62,1620643321,900.3363617464927,1,40,3,4
63,1610924889,3482.507331135395,0,21,9,1
64,1626304564,2058.3060717876406,0,15,8,4
65,1628062081,4371.588024272086,1,22,1,5
66,1628982099,2576.180274321054,1,28,7,5
67,1638022747,4865.551746350521,1,14,9,4
68,1620851566,3009.676977704801,0,27,8,5
69,1624818107,1119.245329531603,1,41,8,2
70,1630292934,4108.953184222246,1,40,6,4
71,1612129195,1725.4131391119338,0,28,4,2
72,1622298620,1738.0960724134175,1,26,8,2
73,1631234311,159.02340742582567,0,49,3,3
74,1622939054,2743.576546037043,1,2,9,4
75,1615857186,2672.117518662615,0,25,2,5
76,1622646477,1779.9574213599305,1,3,2,2
77,1611330128,4471.0863144796285,1,8,7,3
78,1613614499,643.7419914982196,0,44,10,4
79,1620405297,1650.497566550777,0,33,4,4
80,1636398439,1607.913823400145,1,42,10,1
81,1632486275,461.45293114373044,0,35,8,1
82,1639625217,2405.726970281466,0,6,9,2
83,1623550461,3438.923585480415,0,39,7,1
84,1628541829,2558.2850677363062,0,23,5,2
85,1630146613,784.8884135809686,1,25,8,5
86,1631794435,1886.429826210363,1,50,4,2
87,1631651125,12.975121918232801,0,43,2,1
88,1609731036,4341.505535177934,0,19,6,5
89,1613043902,422.58503840340967,0,5,9,1
90,1636720529,2986.390411277153,0,11,1,2
91,1616740569,4931.284979334076,1,12,10,3
92,1628535851,2682.9532299366624,1,10,7,4
93,1618044577,4620.208795537165,0,8,10,1
94,1628894921,1180.5826655870217,0,24,9,2
95,1627508157,3799.777044687928,0,28,10,5
96,1630005731,2656.3287698676704,1,41,9,1
97,1627283213,3602.5803069573244,0,36,10,1
98,1612506462,311.70681255620724,1,37,3,4
99,1636209422,738.6954595311335,0,21,5,2
100,1620432839,665.5846429373913,1,8,8,3
101,1610023885,3435.8275270166555,0,9,8,5
102,1612338390,4222.203363168143,1,47,4,2
103,1631832827,3748.081160042937,0,15,1,5
104,1635936760,152.3607636679708,0,48,1,1
105,1610466493,4336.074905373616,0,46,4,4
106,1631010599,1770.7333539656272,1,40,6,4
107,1612825812,1985.8191625204124,0,18,8,3
108,1634648271,524.3458326624045,1,42,6,4
109,1631503596,3687.0260304690955,1,20,9,1
110,1634043729,911.4193923797903,0,6,9,3
111,1612163438,2819.825460094182,0,12,2,2
112,1612089908,4203.5499293896555,0,2,10,4
113,1612953879,446.02164356028095,1,7,1,3
114,1631753625,2676.6778200776175,0,16,2,1
115,1628004056,1166.082057749006,1,3,5,5
116,1632960187,1714.6343213913012,1,45,4,5
117,1625065339,2369.849707152781,0,3,4,1
118,1620461548,1775.5215163965238,0,27,9,1
119,1610744360,3244.11420145788,0,50,8,5
120,1640430236,2397.910508771251,0,43,6,3
121,1632316942,2920.9974235708464,0,40,1,5
122,1614632236,3684.112376974564,0,38,2,1
123,1627661888,2788.711329752187,1,33,6,4
124,1609508184,2932.6771733037954,1,28,2,2
125,1620247878,2822.2927126132063,1,1,10,4
126,1616015368,1893.8631297564468,0,8,5,4
127,1637890903,1687.2341693595904,1,37,5,1
128,1627740800,4498.2369857250615,1,32,6,5
129,1624075755,3037.776111467864,1,48,6,3
130,1628467335,1221.7657773232727,1,43,6,4
131,1633176535,2491.2384892447008,1,37,2,5
132,1636377150,1651.74240640457,0,4,10,3
133,1622178442,4668.459118799373,0,30,3,4
134,1624620018,37.6718156703737,1,6,6,3
135,1625489488,1126.6639885626412,1,46,8,5
136,1611196295,1826.7840983702881,1,19,1,2
137,1619958946,2439.04900404369,0,32,1,5
138,1614239650,4254.087589180731,0,9,2,1
139,1633705760,439.43812270071936,1,12,6,3
140,1628346234,4029.324433705717,0,11,9,2
141,1625488644,278.2674467848767,0,46,4,3
142,1628468201,4211.570176490908,1,16,3,3
143,1639108326,258.17738937256416,0,1,8,4
144,1620795897,91.21240714180523,0,45,10,1
145,1637350952,3484.8073118321076,1,21,9,3
146,1613312539,4986.277673841972,0,30,5,5
147,1625472646,4483.051314870104,0,13,9,5
148,1636468424,2879.9920890282997,1,34,2,4
149,1635704135,4586.978065427658,0,4,3,1
150,1627232523,26.500031988027082,0,28,7,1
151,1621369249,4875.335814725712,1,38,7,5
152,1616589344,2453.7438962939223,1,31,6,2
153,1614004783,3614.480483108878,1,27,6,4
154,1625053174,4104.307365766763,0,5,2,4
155,1636495254,3592.2863541827683,1,25,10,5
156,1629983805,2675.1836602245526,0,3,6,5
157,1630379223,2383.0974206320598,1,33,4,2
158,1617447204,4192.912793513124,0,4,3,2
159,1622531682,1025.3878007472956,1,25,2,1
160,1632481451,4839.970332521171,1,20,1,4
161,1629838695,3554.7623941837414,1,34,5,4
162,1614975189,997.5346366915988,1,26,2,5
163,1628358106,3681.2359184924408,0,5,2,1
164,1637616674,2649.2001159055835,1,35,7,4
165,1624340928,3536.1504782222223,1,28,8,1
166,1609950434,3838.897507214194,0,29,10,1
167,1619796068,436.4508979483772,1,9,8,5
168,1622181294,2530.519781796735,0,38,4,1
169,1619368909,4660.0717112846705,1,50,1,2
170,1631637634,1603.2109607975715,1,6,7,2
171,1622226176,2969.415487789494,1,19,1,3
172,1622256132,1846.1524075494806,0,44,4,5
173,1637761753,2271.3398610954982,1,11,8,3
174,1616373750,2743.015589690766,1,2,2,2
175,1632403710,2744.6098994448867,1,47,6,3
176,1635522445,1008.6523116511792,0,44,6,5
177,1616365926,3422.857739399167,0,44,9,5
178,1615347994,439.34055621328406,1,9,5,1
179,1639987080,694.1238672101019,0,21,10,4
180,1633794574,13.554497071648353,1,24,4,1
181,1615969625,583.4803207084066,1,34,5,5
182,1617970217,2365.831005259461,1,22,10,2
183,1617346939,3030.5094052791933,1,3,5,2
184,1636641740,3971.447249832312,1,12,8,1
185,1636975794,533.4962505671803,1,28,10,5
186,1610228798,4253.637300082273,1,30,8,2
187,1631529311,3729.872627743591,0,26,2,5
188,1624912102,2042.5914646795845,0,48,7,2
189,1637892848,4664.690335499773,0,21,8,5
190,1617430579,4954.647382286953,0,28,6,3
191,1612790268,1025.0090502661863,0,26,5,5
192,1612715615,1896.142924819002,0,33,9,5
193,1610333571,4632.247117948556,0,21,3,1
194,1615113437,3607.9827537563856,1,35,10,3
195,1637457892,240.47321982043846,1,34,4,4
196,1639973782,3907.5724087570748,1,41,9,1
197,1621720806,4139.70443588746,1,47,6,4
198,1627209964,3752.509623826568,0,18,8,2
199,1612803214,3997.685654597578,0,11,7,4
200,1633301162,4125.663383463986,1,23,2,5
201,1619061283,932.0249339407205,1,48,3,4
202,1632452620,1178.458730324999,0,22,1,1
203,1638095519,3168.792818600886,1,17,9,1
204,1631429958,4539.33065231258,1,5,7,4
205,1612418234,1580.9829114824731,1,44,1,1
206,1640747762,2941.5333789752835,1,11,3,1
207,1630810709,3414.910317085662,0,30,4,4
208,1632943387,2259.7430064951964,1,15,4,3
209,1609502785,3568.91227427663,1,27,5,3
210,1640239273,4498.337226460866,0,35,3,2
211,1624203308,3120.5077209091883,0,33,3,1
212,1637682237,2698.905309573165,1,20,1,4
213,1611998648,2193.7233769416953,0,16,7,1
214,1626345972,2887.4313545306286,1,34,10,5
215,1627811973,1776.8122590919793,1,2,1,1
216,1624103195,1957.4105510075096,0,35,2,1
217,1638652443,2659.2873984408698,1,40,4,3
218,1639019563,333.09556195408487,1,28,4,4
219,1619970899,1145.1269546239816,1,47,5,1
220,1617765661,2714.2465530670447,1,39,2,3
221,1611468221,2157.640715682213,0,6,4,2
222,1610660682,1664.0789295624215,0,9,1,3
223,1626778751,3652.7456840465074,1,20,2,3
224,1621281785,3468.588037016692,0,1,1,3
225,1630506486,833.6537999669158,1,8,10,1
226,1632936795,4393.145576867191,1,23,10,1
227,1629797336,2477.1181320198284,1,3,4,2
228,1633096422,3707.304555695227,1,4,4,5
229,1611943613,2865.7542462869433,1,25,7,5
230,1612366560,4988.463079619217,0,47,10,5
231,1637407616,3762.0156001941136,1,38,9,2
232,1615354744,3534.902306217295,0,15,9,5
233,1639803674,3892.8596952537555,0,21,5,5
234,1631933885,715.639927742348,1,35,10,3
235,1611694200,1022.7229658473163,1,46,1,1
236,1633144947,3570.3204111180708,1,14,1,1
237,1613781452,2469.9074356543133,1,36,6,3
238,1615281384,3773.176459300583,1,12,2,3
239,1609861890,514.5801537207251,0,17,8,3
240,1639318374,2682.406757422974,1,39,9,1
241,1612007621,1894.1078277845786,1,9,4,5
242,1622064071,2285.0010964083917,0,35,5,3
243,1621654426,3019.7893603625625,0,13,8,2
244,1623840904,2511.4417373126507,1,15,3,3
245,1611413309,2699.3031855641834,0,18,5,4
246,1623880868,2431.787409978039,1,33,3,3
247,1630659296,2044.7758854274662,0,6,10,1
248,1620960562,3859.4099029912254,0,27,3,3
249,1625725673,61.01536159022258,1,23,3,4
250,1616664747,2992.2135060261353,0,27,7,2
251,1617782935,2827.541736614869,0,34,7,5
252,1632693710,3580.895373664761,0,46,7,3
253,1627620666,2995.1468238866323,0,38,10,4
254,1621873525,4133.994139045391,0,14,8,4
255,1609520287,4795.373972820139,0,36,5,2
256,1623055455,1712.621285892717,1,8,5,1
257,1624124375,1136.7549151499352,1,35,4,3
258,1632646323,2117.9843121024146,0,19,7,4
259,1627732592,1439.6480823786305,1,30,10,2
260,1619733821,3074.751315763272,1,14,4,5
261,1622481904,4559.262044214824,1,20,2,4
262,1626275769,695.5809707153094,0,49,4,2
263,1615943731,503.97301507943246,1,25,8,1
264,1629596427,1280.077659268311,0,40,9,1
265,1617114109,3630.477930312004,1,24,3,4
266,1613718822,2964.814526294108,0,14,7,4
267,1631196033,511.06332112599796,0,26,9,3
268,1615184770,4593.752611303733,1,38,4,2
269,1626653296,3950.4231856204337,1,23,10,4
270,1624880240,115.11302393818757,0,22,3,3
271,1633309111,3256.8360549412305,1,48,5,3
272,1633669712,3856.23334259869,1,19,1,4
273,1614424250,1872.17684860211,1,46,3,1
274,1610272368,344.6076968360939,0,3,8,2
275,1609684481,386.6053274439363,0,42,8,2
276,1620965505,521.2348302590475,1,19,4,1
277,1630019291,4202.198159902115,1,9,2,4
278,1629232181,4553.430991278566,1,28,8,2
279,1617193302,614.053909228669,0,20,8,4
280,1631831524,1179.530172975406,0,45,10,4
281,1615133919,827.6025518364488,1,7,4,3
282,1618117344,931.6043974706034,1,14,3,1
283,1616068480,4187.45394501246,1,9,2,4
284,1631736722,1660.7320632746946,1,19,9,5
285,1613831293,1557.221320228206,1,47,1,1
286,1627798145,1136.978104385563,1,14,7,2
287,1631268011,3039.4719689712933,0,38,5,3
288,1620070617,1896.5284919277442,1,36,8,2
289,1614937247,3721.2482592164442,0,40,4,2
290,1635306693,1027.8990418781875,1,17,7,1
291,1638489846,3938.949443572462,1,30,5,2
292,1610578243,3018.6076586506947,0,9,5,4
293,1621177270,571.3365002784387,0,33,9,2
294,1625810634,2072.5229210181383,0,25,9,3
295,1620054711,4317.590703064785,0,14,9,3
296,1623471738,4614.8011589924245,1,11,6,5
297,1616562430,2328.500611594066,0,35,6,3
298,1636366117,2404.1848904453677,1,41,5,2
299,1612017431,4592.273624696506,0,14,9,3
300,1616119108,2935.341120682836,1,30,10,1
301,1640837491,164.23335121719174,1,41,8,3
302,1638925409,4563.747314395644,1,4,7,4
303,1612539589,1241.1322137857594,1,4,7,1
304,1611121109,2888.159770457736,1,28,6,5
305,1628892554,827.5665871398691,1,8,5,4
306,1626346494,169.39580123297492,0,2,4,2
307,1628152047,1557.365855663787,1,41,3,2
308,1615773327,3902.4785377304383,0,46,3,2
309,1640286304,1387.9358631470907,0,22,6,4
310,1619251912,1100.4860704054854,1,41,4,4
311,1611467387,1063.4039217061313,0,16,6,4
312,1611118266,2575.868412034063,1,29,3,1
313,1638798149,4877.706578413781,0,49,4,1
314,1611608015,2294.9449400850654,1,48,9,2
315,1616814940,2786.5268444502394,0,30,5,3
316,1638649090,4303.16008945367,1,12,7,2
317,1630742675,2675.348594668293,1,35,10,5
318,1633710331,922.3143570942805,1,11,2,1
319,1633894842,1497.9795588323852,1,46,5,4
320,1615863203,1549.6846313430547,0,50,9,1
321,1613594514,1986.5905772879894,1,21,3,4
322,1610369881,2133.944526683747,0,21,9,5
323,1627844034,3998.910110371347,0,5,6,5
324,1630133246,1746.934995246665,0,48,4,1
325,1630573203,2341.159142206897,1,20,7,4
326,1628991839,3124.8799352552614,0,37,8,5
327,1619881158,1888.6297372008464,0,3,6,2
328,1620159795,4182.824066461664,0,44,5,2
329,1622444008,2937.268021170372,1,33,6,4
330,1624224160,1470.2233961048578,1,9,5,1
331,1639296423,3570.295998949141,0,9,8,5
332,1626307711,2638.2386507239294,1,4,1,1
333,1618591782,2672.2794562862346,1,35,7,2
334,1639706449,2405.4397419379297,0,17,10,5
335,1617072487,2485.059744106245,0,34,10,1
336,1629681792,3826.781405331203,1,24,2,3
337,1625845002,514.9073966565776,0,32,9,4
338,1631487451,1671.8140565524109,1,1,1,4
339,1613071800,377.51681901944613,1,8,10,3
340,1627062232,3766.231103737254,1,45,6,2
341,1634999729,1361.5092736014972,1,23,9,5
342,1621565078,4487.152049094421,1,47,1,4
343,1619704734,2632.8923332964687,1,40,4,3
344,1619506653,4003.7488574306053,0,12,4,3
345,1611485993,4894.657178079806,0,12,9,2
346,1610013794,4198.944297282853,1,46,5,2
347,1617995526,4334.968800057618,1,47,5,1
348,1625496827,2039.9224768242236,1,15,6,4
349,1622687375,2758.612976296699,0,41,1,1
350,1629740889,1269.4428202165213,1,19,1,3
351,1633536111,980.5654984672641,0,26,9,5
352,1611663864,2527.539395530169,1,29,3,5
353,1613800947,2975.244898502103,1,22,4,2
354,1636144187,1696.3562294809549,0,40,1,5
355,1622415728,2847.2175888175016,0,21,9,5
356,1626923392,4437.302412567515,1,38,8,5
357,1640233775,2783.6079239168303,1,20,2,3
358,1628708605,3604.065481552533,1,29,8,5
359,1637766283,4026.5748367895253,0,4,7,5
360,1624946628,4943.643909777214,0,7,6,5
361,1617965604,3015.987010884898,0,28,1,1
362,1610700282,4034.25074481293,0,28,7,3
363,1614643702,4813.246592774373,0,4,10,2
364,1622740488,4722.048627886367,0,22,7,1
365,1632797416,705.4092438885679,1,12,9,4
366,1632907874,2031.9615413676102,1,45,1,3
367,1631128722,1619.950305533998,0,3,2,3
368,1640407343,434.62507475174664,1,22,9,4
369,1621962447,3166.2038745548025,1,44,9,4
370,1637313154,3679.523065980012,0,2,6,4
371,1629910931,4240.6404773344175,1,24,6,2
372,1627815575,613.8844483135425,0,34,4,5
373,1635532341,4382.220379376469,0,27,4,3
374,1637110391,3214.627818071266,1,41,5,5
375,1630751904,3519.7306756925473,0,1,3,5
376,1615500695,4553.12001770152,0,8,1,4
377,1640290419,3123.8063552162553,0,23,1,2
378,1635293258,1679.3292857491754,0,38,7,1
379,1635003504,4125.536657113299,0,6,1,2
380,1632560583,1815.2960609754525,0,22,1,5
381,1627028387,171.1405541026456,0,25,3,2
382,1609960357,4153.272532826249,0,18,10,4
383,1630615143,1725.960724406378,1,17,4,1
384,1630360915,3869.1726160067014,1,12,4,4
385,1620461309,1813.7894733297271,1,6,2,1
386,1615405794,4305.340099873608,0,26,1,5
387,1631343215,1097.5526254047934,0,27,3,1
388,1620769752,4872.7363259943495,1,8,4,1
389,1640605282,3898.793873940154,1,19,3,1
390,1630563992,571.1896296019842,1,42,8,2
391,1631198556,2828.8830998328026,0,1,10,2
392,1620930961,4926.836561208674,1,29,1,5
393,1629035903,2355.327263469072,1,45,2,1
394,1612364141,910.5356941079162,0,49,7,3
395,1617442641,2423.891835751731,1,35,4,5
396,1614779585,2562.288279409608,0,40,8,1
397,1628336437,3708.434721143328,0,14,3,1
398,1622823586,3494.229265804522,0,35,6,2
399,1624593615,2012.7502179849027,1,48,9,5
400,1619208636,1090.1155374704324,1,45,1,1
401,1633164456,3225.270838846647,0,20,1,1
402,1626854883,2108.5196727664093,1,49,8,5
403,1614792352,661.3810556266519,1,13,3,3
404,1619983427,4502.861506181928,1,38,5,5
405,1621803296,3456.109288048272,1,49,1,5
406,1616787341,3415.919282227407,0,46,5,3
407,1631308564,4112.91937955837,1,49,6,5
408,1639299375,2648.3083932754053,0,8,8,1
409,1627944339,4075.2721420122857,0,43,3,5
410,1639926775,2490.4537675550287,1,20,3,3
411,1614593407,335.87699957855045,0,33,10,4
412,1617976199,2026.2404401384438,1,26,9,5
413,1632967302,2487.324469899453,1,39,4,2
414,1618864834,3601.012908161479,0,21,4,1
415,1615312784,532.8936506433718,0,49,7,1
416,1623947391,700.092693302245,0,42,2,2
417,1634406944,1318.4190131730822,0,43,8,2
418,1624395951,1332.491966854411,1,41,6,5
419,1613760954,3660.922892295312,1,9,3,2
420,1611728242,1253.653302807989,1,24,9,4
421,1624578005,3165.4903167872376,0,37,5,3
422,1611442709,2471.369250691357,0,49,8,2
423,1617199341,2866.471890897003,0,41,7,2
424,1626352797,4190.534815891479,1,17,8,4
425,1627758117,2021.9075077451216,0,24,7,1
426,1619468005,3854.5568853213526,1,21,3,1
427,1620079468,2110.1802977534367,0,39,2,5
428,1619626034,1769.3568828062473,1,41,7,4
429,1615564725,4793.135886566103,1,39,3,3
430,1635824410,921.8546033948161,0,13,3,3
431,1629675034,451.68480288803937,0,11,2,4
432,1634150113,3854.9296276773925,1,46,4,3
433,1636639508,341.24852677045794,1,19,8,1
434,1620785437,4185.394953515147,0,11,1,3
435,1628693600,2185.9669817862177,0,13,1,3
436,1637768987,4577.56838645957,1,46,5,4
437,1630339438,3607.664305609528,0,45,5,4
438,1610877375,3052.023335039788,1,1,1,3
439,1630043104,4746.533985288828,1,40,6,2
440,1625018875,1983.2468652602713,0,44,1,4
441,1625359676,4770.4346826981655,0,19,5,5
442,1639549231,675.0063871060347,0,12,9,5
443,1640962194,2418.7747096620637,0,8,5,1
444,1616724995,1349.5561119609745,0,8,6,3
445,1613232162,2699.213894540967,1,45,8,2
446,1622039231,810.0693894579231,1,12,1,1
447,1630278192,4207.648301550217,0,48,2,3
448,1628963839,4232.039246572786,0,33,9,4
449,1631946256,4776.181563617395,0,45,3,5
450,1619608235,773.3607044161811,1,26,6,2
451,1622166235,3116.6627545249535,0,39,5,5
452,1614589597,2371.186543501848,0,28,2,4
453,1612910556,1721.9186602211662,1,5,7,3
454,1635756589,1757.700805671094,1,8,4,4
455,1612903284,2063.9677530337613,0,25,1,4
456,1612386309,3524.627748444765,0,27,4,5
457,1622220386,2991.4302913407732,0,46,6,2
458,1633215867,2298.4075638056556,1,23,7,4
459,1637134103,379.6670518481105,0,30,7,5
460,1620734812,388.8267203947854,0,45,7,2
461,1636556784,11.696953128891296,0,47,3,3
462,1634756397,4838.496941035432,1,23,6,3
463,1634014900,26.269092791924574,1,49,8,1
464,1617963102,515.4687300687244,0,47,4,5
465,1620980322,1572.9827840470546,0,20,8,2
466,1625647291,4037.151259083806,1,18,2,4
467,1615673824,4810.493928820589,1,18,10,3
468,1631079027,3950.0677939592806,1,2,9,2
469,1632593598,3452.801162228203,1,4,9,5
470,1613795068,2606.503337067847,1,30,8,1
471,1619274196,433.526059310918,1,33,10,3
472,1624109471,4790.853965019652,1,36,10,2
473,1621699232,3791.962069728407,1,18,1,2
474,1628451583,3194.746926671309,1,37,2,2
475,1613345602,3795.179227694249,0,19,6,5
476,1632781951,3620.516646365693,0,47,10,5
477,1633078801,3186.157898947434,0,28,5,5
478,1618537752,4902.8840008999405,1,40,9,4
479,1626924521,4516.819063180124,0,20,5,2
480,1637235934,3233.324595585817,1,49,2,3
481,1611448373,3465.8760572846236,1,33,10,5
482,1612539961,257.97903329355,0,12,4,5
483,1610873666,3349.587322750196,1,15,9,2
484,1609904301,220.82718855050086,0,41,1,5
485,1624175895,2941.3187848496555,0,39,1,4
486,1634343025,4996.767497829174,0,2,7,4
487,1633649439,2779.0329071858982,1,29,3,5
488,1639871918,2366.050590406667,0,41,10,2
489,1633849685,1564.2742825279377,1,10,2,2
490,1639885974,602.6128939323222,0,2,9,2
491,1640690113,3655.1183572914083,0,11,3,1
492,1627341950,962.9951389281522,0,13,2,5
493,1621075610,576.4101062364218,1,10,8,2
494,1636208617,2108.8132986525625,1,14,10,4
495,1619651457,3976.709189795487,1,18,6,3
496,1619072473,3725.322740601102,0,9,6,3
497,1636919568,274.41307323237464,0,39,10,2
498,1630589543,2275.7184251807803,1,28,7,3
499,1616774560,2612.172880355845,1,3,7,3
500,1625817992,3222.733253129111,1,20,6,1
501,1640260906,3250.8367522161407,1,6,4,4
502,1634309877,1823.4862472865293,1,27,9,4
503,1609958063,2803.38597001757,1,2,6,1
504,1634992678,2405.309419220432,0,29,4,1
505,1628912604,4424.9917826164055,1,38,3,3
506,1629532406,2651.3256631745007,0,3,4,5
507,1634019353,2205.160808740808,0,16,3,3
508,1632763234,2022.4272484092537,1,30,2,1
509,1636117809,2862.1387971673284,1,40,5,4
510,1618644887,4019.8848970044883,0,2,2,3
511,1639483404,2692.0074519039376,1,17,6,5
512,1624359227,3308.2758754027077,1,41,3,3
513,1624620025,3689.278834532625,0,12,6,2
514,1631728006,2600.8405493936593,0,35,10,3
515,1615971640,2134.0852832743217,0,43,9,1
516,1621890595,4383.326889312248,1,1,1,4
517,1615558828,2087.5304201394606,0,45,6,4
518,1638553107,2309.714252877938,1,15,9,1
519,1616015168,4951.7065667088855,0,26,4,2
520,1612158215,1.1876178794228975,0,37,2,1
521,1638039551,927.3645478836123,0,21,4,3
522,1635911149,1919.8194495986288,1,49,1,1
523,1638365071,4662.949547126264,1,31,3,1
524,1626181773,350.14852873735515,0,25,10,2
525,1640352203,47.42716814249037,0,23,9,3
526,1625800050,263.41917988614296,0,24,10,5
527,1618296790,442.7170530680907,1,38,5,5
528,1627409038,187.98386603130436,0,28,6,4
529,1611962971,2398.906634282524,1,21,3,1
530,1612637025,2903.7860361366384,0,43,5,4
531,1610455361,1358.4348553450204,0,18,8,2
532,1613643039,1991.4369198781778,0,36,6,5
533,1610125526,458.4966755571507,0,35,4,1
534,1610108350,1681.8523191421102,0,45,2,2
535,1629612373,2612.5959581726156,0,9,9,2
536,1609578034,3661.3590359232257,1,38,1,1
537,1629475992,16.731810214896115,0,30,1,2
538,1637823673,2336.553832688263,1,44,4,1
539,1624844350,1485.014382274411,0,34,7,1
540,1632129725,4264.109108459506,0,32,1,3
541,1632184956,3577.7665761712096,1,3,9,4
542,1622326933,2945.5426723544742,0,3,4,2
543,1630486329,1386.3282284838679,1,28,3,2
544,1613881401,4551.695510287672,1,44,1,3
545,1639793493,225.50338610161592,0,15,10,3
546,1610538800,547.3379933955757,1,41,4,3
547,1635650739,1958.1507027017803,1,23,9,5
548,1619286341,622.1877864842818,0,40,10,5
549,1636906254,4782.0784877971255,1,11,6,5
550,1612962357,3989.946610716917,0,48,6,1
551,1634509290,1294.9132580090684,0,32,1,2
552,1618309051,2942.771144866227,0,36,10,4
553,1636683876,4911.652575400408,0,33,2,1
554,1637884384,4420.994890657515,1,24,6,2
555,1628222004,3003.99223221099,0,39,2,2
556,1634876475,4518.619835876352,0,34,3,3
557,1630433771,4945.9245490667945,1,28,4,3
558,1627989099,3716.7641144681206,0,37,5,1
559,1633953284,324.9320474144701,0,7,9,3
560,1627241062,2007.9011821274373,1,4,4,2
561,1640479427,4189.128676416227,1,37,9,3
562,1635596549,1152.845979025095,1,1,10,5
563,1630103916,4153.212588753123,1,1,3,3
564,1639008735,601.6938101749797,1,47,8,2
565,1609908595,234.72678573906504,1,20,1,1
566,1631380317,1920.4530574562477,1,19,9,4
567,1616213550,183.65968713306813,0,29,9,3
568,1627496802,4786.351314916628,1,10,10,2
569,1629290806,4131.028478969829,1,18,2,4
570,1633255847,4003.8484356493755,1,28,4,4
571,1640990003,3148.8896149807656,0,35,8,5
572,1639962380,1081.6201151827677,0,43,7,4
573,1612838769,2591.301833381961,1,47,1,2
574,1612359803,2986.370362151705,1,31,5,2
575,1625168489,2625.157504301341,1,27,7,3
576,1620815005,1301.1668397576366,0,11,4,3
577,1618070674,2576.2396215736294,0,49,1,3
578,1635760272,2455.931704343133,1,49,9,4
579,1611105911,4981.678879033621,0,38,5,4
580,1631824190,4487.18074023102,1,5,2,5
581,1625922834,2316.9037410780998,0,8,8,3
582,1615778907,3114.6869146755935,0,34,2,1
583,1617427001,3739.3580204611426,1,48,3,5
584,1610882486,174.32580116912456,1,12,10,1
585,1613155161,4474.6072061392,1,38,1,4
586,1617676516,4300.6340820896185,1,1,2,5
587,1629414361,2287.1604888685365,0,31,7,5
588,1616807540,1955.848830401899,0,4,10,2
589,1621261629,1364.7968742815747,0,49,2,4
590,1609642262,2383.384141651842,1,45,6,4
591,1637116542,221.88331766618384,0,50,3,5
592,1612301192,4260.967666735039,1,5,4,4
593,1613753739,177.11184209272534,0,30,8,5
594,1621068276,1645.256826849355,1,24,3,2
595,1624517760,4657.94744159495,1,3,10,5
596,1615555129,3676.063272617264,0,11,6,4
597,1614403705,1406.9548028876338,1,45,1,4
598,1610262528,1263.2454698044255,1,4,7,5
599,1630299374,25.410699090129828,0,26,8,5
600,1610502433,3478.571464248751,1,27,8,5
601,1632705119,243.91790836586546,1,46,3,3
602,1619559549,2663.0125970038102,1,43,10,4
603,1609988725,4810.609862960249,0,27,1,4
604,1625172015,547.3443002722694,0,42,9,3
605,1623110744,4472.3996548403375,1,50,6,5
606,1626413031,4957.376675725241,0,6,9,2
607,1630618348,307.58513119617527,1,15,7,5
608,1637361012,4414.531345687306,1,30,1,5
609,1632901504,2580.395102218083,1,42,1,3
610,1616933647,4532.5685972229,1,37,6,4
611,1614060220,2856.5947095978704,1,37,5,5
612,1624585702,3310.560050532823,0,42,9,4
613,1613158591,2718.8945399869963,1,37,2,1
614,1635166276,4322.464401536742,0,35,8,4
615,1619534101,3669.5495947685085,0,23,5,2
616,1624392028,2606.3015609020745,1,6,2,2
617,1633242870,4340.804020257735,1,4,10,5
618,1613071810,1226.4276612766728,0,18,6,4
619,1633268299,786.7032985126299,0,9,10,5
620,1624651417,802.0005266503605,0,49,8,3
621,1628400783,1670.0443937261894,1,29,4,2
622,1619751858,1193.4501565050875,0,13,2,5
623,1609603556,4650.451752548694,1,47,5,3
624,1622245973,529.17046914292,1,17,2,5
625,1637724344,3494.953690197938,1,45,2,4
626,1634980636,946.1076989250295,0,32,6,4
627,1638225357,4408.185663851751,1,48,10,4
628,1634634459,4806.576440924537,1,22,9,4
629,1639266884,2327.3500438499177,1,4,4,1
630,1611207214,4395.357401140658,1,5,6,3
631,1616615920,25.72585377357384,1,37,7,3
632,1638346333,4099.734587040501,0,41,6,4
633,1626201325,1143.1258076246177,1,49,8,1
634,1622120893,4543.506546346839,1,13,4,4
635,1611747827,5.600557400547435,0,34,1,1
636,1624299460,2780.9086751987847,1,45,7,4
637,1632754379,3783.1790189246735,0,22,3,2
638,1616056719,1293.44165348954,1,23,6,2
639,1627000537,965.6643229364653,0,3,2,5
640,1633304537,420.49112233992327,0,42,9,4
641,1640558511,1632.167882516465,1,34,1,3
642,1619017556,2799.2215615441473,1,32,6,5
643,1629739046,579.2192839012883,1,45,6,2
644,1620429923,1883.4768099339938,0,49,5,4
645,1615158048,45.36202326362482,0,21,5,5
646,1625506557,4093.397102499209,0,46,1,4
647,1627344093,642.2435904659568,1,44,10,2
648,1615198052,1416.714741327908,0,21,5,5
649,1609747990,92.13859369108735,0,44,2,2
650,1614544121,2161.2039194625613,1,11,7,1
651,1637269513,4200.607513706093,0,39,3,2
652,1625922805,1960.756057225983,0,4,4,4
653,1619256644,897.486617119167,1,1,3,3
654,1626071651,3768.4941702525957,0,28,3,2
655,1636266273,3944.0349093537216,1,24,4,3
656,1622692531,868.767376537834,1,35,5,1
657,1613152505,3854.270542704949,1,13,1,5
658,1625560210,4736.48944128169,1,47,4,5
659,1622929337,831.8879346613617,1,34,8,3
660,1613925471,3854.9214626606777,0,11,10,5
661,1630621952,3542.860023013147,0,36,7,2
662,1610811895,2367.8694421754426,1,17,9,3
663,1619954500,289.60230279399144,1,35,5,4
664,1627825644,373.47208878927006,0,18,10,2
665,1638168579,4262.073295993238,1,40,4,2
666,1637274127,4950.7418637532355,1,22,8,2
667,1610559767,3380.2612859337723,1,24,9,4
668,1636910927,2229.7915350516073,0,19,7,1
669,1617165558,3237.868217009538,0,37,7,5
670,1638457089,2971.9792961427265,1,39,5,3
671,1622661104,1918.061302028109,1,21,4,1
672,1609508315,328.13072287006474,0,8,10,3
673,1624882847,4107.564737037204,0,28,1,5
674,1621185498,1859.1676461936229,1,5,10,4
675,1626958163,4093.9282167854685,1,17,10,2
676,1631628439,1262.543748441911,0,37,7,2
677,1632193931,5.147399228166982,0,36,1,4
678,1632469169,794.6914163837826,0,19,1,1
679,1622578338,2342.6970838429215,1,27,5,1
680,1620897659,4721.518174789149,0,34,9,3
681,1624493088,510.9680984685949,1,11,6,4
682,1631483296,4271.04887230783,0,45,3,1
683,1637448124,2635.1204810593104,0,47,3,4
684,1637609650,4129.603828999483,0,12,7,5
685,1610863530,1491.872154949963,0,21,6,2
686,1626487908,4199.735823362359,1,11,9,2
687,1613495051,3864.1139000840226,1,39,6,2
688,1623590210,1150.2684151571696,0,28,5,4
689,1609950272,656.6756320468903,1,5,10,4
690,1610546080,4340.271612661464,0,17,7,3
691,1622547111,4816.183267200659,0,20,1,2
692,1639150921,156.5115687375812,0,41,7,3
693,1624746538,3656.350334868428,0,46,3,2
694,1611514923,4547.622554739092,1,12,9,3
695,1611708188,4286.800460462493,0,6,6,3
696,1638928268,4822.602361351042,0,17,9,5
697,1625142795,3800.4703921904857,1,19,5,3
698,1639644254,2211.4938119045514,0,26,7,4
699,1619161901,1559.7599524756522,0,48,4,3
700,1620612481,1603.7137021906372,0,44,7,2
701,1612435442,3622.113363070585,1,44,1,3
702,1614039281,3729.1850601548217,0,32,7,1
703,1623715362,1001.7957177435633,1,6,8,2
704,1612107990,4340.614067452655,0,36,5,1
705,1613222224,3574.6202010112384,0,38,2,2
706,1640748633,2813.7514317169134,1,11,5,4
707,1637271815,2357.6623005125634,0,33,6,4
708,1620557916,2716.164028949791,0,24,2,4
709,1614292377,796.2286913963223,1,23,6,1
710,1617732041,1018.5062463813709,1,15,6,5
711,1629590013,455.8224520309584,1,27,1,2
712,1617913761,768.2901908055634,1,11,1,4
713,1621837426,2268.4681730264133,1,50,10,2
714,1612056680,2651.7719686412806,0,17,3,1
715,1625994630,89.30946239159687,1,14,10,5
716,1613656771,3983.989139320138,0,27,10,1
717,1632610617,1470.8398667173894,0,18,3,2
718,1615578100,4559.180174799555,0,28,4,5
719,1629158513,4837.556318068889,1,47,2,5
720,1626393580,927.2943733832717,1,47,9,1
721,1639354954,2310.486453828303,0,4,10,4
722,1620076444,6.159175832129438,1,7,7,2
723,1609991031,2991.636325612135,1,45,7,3
724,1612448675,3036.5322413133563,1,35,6,3
725,1626138840,1237.6997780168758,1,48,3,1
726,1637831444,2792.0633629159897,0,9,6,2
727,1637990908,1127.7007122186772,0,8,8,2
728,1612828920,804.1273453909503,1,45,8,1
729,1614170275,3257.5973340113233,0,17,9,2
730,1633358729,1629.6273197603743,1,17,1,4
731,1616313700,2951.319694428112,1,49,1,1
732,1612099528,2166.233744858278,0,33,3,4
733,1635316119,4921.7570370145195,0,32,3,2
734,1618681535,747.9032133378288,0,8,10,1
735,1633562850,2322.992983179051,1,19,8,2
736,1635787952,3402.283131796626,0,38,10,1
737,1631300194,1977.7254193998433,1,3,1,2
738,1636808175,4873.499259353449,0,5,2,4
739,1621011491,3609.4381396346753,0,13,2,4
740,1630206417,3284.9192878224653,1,47,3,2
741,1609529840,3785.296338056117,1,46,6,1
742,1622238694,4763.243190193585,1,31,1,3
743,1619848799,4539.093264923201,1,16,2,4
744,1630358679,3621.4265406320596,1,50,1,4
745,1614054077,3745.8081955064154,1,32,5,3
746,1640293599,729.6103701757273,1,22,7,2
747,1638880804,513.9620224633285,1,29,8,1
748,1627591947,2854.5225092208216,0,22,10,2
749,1640035184,91.8381847027,1,43,1,5
750,1610134710,2411.781907757958,1,3,7,4
751,1613200396,1051.747899594343,0,10,5,5
752,1633226518,1730.0828382241978,1,42,10,4
753,1628970712,3879.02367896478,0,21,1,4
754,1626042722,4706.187521161933,0,16,3,5
755,1616165224,362.0813607317075,1,12,7,5
756,1621179677,2671.2110298822254,0,2,10,2
757,1627134736,4412.667429098,1,41,1,5
758,1622676848,412.54267220210636,0,24,7,2
759,1632017981,4122.570234484169,0,35,5,2
760,1628244051,1789.0067546413568,0,30,1,2
761,1635851631,1610.4735110966767,1,30,1,4
762,1638688984,4887.331931573929,1,47,1,4
763,1612724108,1004.2954493114709,0,35,9,5
764,1630496954,3465.9697041134045,0,19,3,4
765,1636237842,4107.2036400493325,1,50,5,5
766,1636900528,205.91747639635838,1,8,10,4
767,1637850211,3351.927291772061,0,26,9,1
768,1622452107,4757.749871776635,0,49,6,1
769,1632722876,621.0998336402968,1,40,9,5
770,1639285480,4481.106513425191,1,7,8,4
771,1624032658,2973.8831868846805,1,30,8,4
772,1632433739,3083.0229093123703,1,7,1,2
773,1623815944,3064.72087432803,1,3,9,3
774,1638723526,1494.1794316865692,0,1,6,5
775,1625247003,4676.009076497298,1,36,9,3
776,1629857997,4736.752313155193,0,25,3,3
777,1630482654,3126.523301069739,1,37,3,5
778,1632199551,3917.1136297080734,0,1,6,4
779,1635050547,3061.2899294057897,1,15,9,5
780,1622882642,2421.992237870203,1,37,7,3
781,1613059065,3304.1005914962534,0,13,3,4
782,1638824814,2765.007262959792,0,40,3,1
783,1631618703,2987.3793131596503,1,8,2,5
784,1622915444,3919.16276709431,1,5,9,5
785,1634226756,2404.5191572449244,1,9,3,4
786,1627275874,203.7705304623638,1,1,5,1
787,1613232011,819.9974049474862,1,36,9,1
788,1611776536,2193.036082447692,0,35,8,4
789,1638785459,3624.1327993702917,0,2,2,2
790,1612222842,2966.393241550894,1,40,3,5
791,1617148884,3251.4709293672695,0,23,2,5
792,1619657699,2396.3946428814365,0,9,8,3
793,1613247540,3078.710109711214,0,34,6,4
794,1620267670,1645.087189073311,1,46,6,3
795,1609656975,2350.9129634833253,0,14,9,3
796,1611845688,3721.395327974778,1,4,8,1
797,1627023910,4359.1638948656055,0,30,4,5
798,1632087660,2168.2766697819443,1,31,4,3
799,1614791860,218.30828853680595,0,38,9,1
800,1619049001,808.3627207340132,1,11,1,4
801,1633073849,104.3056964576905,1,35,2,3
802,1621791142,3266.3150961866504,0,8,2,5
803,1625538445,1661.5731267755446,1,3,6,3
804,1620857566,2712.3931785968375,1,14,4,4
805,1614542969,2466.384233918998,1,13,10,3
806,1626770052,407.6324477621335,1,45,3,5
807,1620886178,2016.3068056191591,1,32,3,1
808,1630468822,1102.8056246116164,1,34,3,5
809,1638893788,2091.9989433382634,1,45,6,1
810,1640232682,1017.8914017112133,1,19,8,2
811,1621083466,4202.262031384667,0,38,7,5
812,1619624011,870.9666828912682,0,16,4,5
813,1611735560,4803.902757434885,1,2,4,4
814,1625342537,2079.536830734704,1,40,10,3
815,1613867449,4231.226460095247,0,17,2,1
816,1613885419,3143.8240910297254,0,34,1,1
817,1620382437,3676.751493328763,0,42,9,4
818,1635150854,3838.6194403339014,1,16,2,4
819,1627568813,2524.224409465089,0,38,8,3
820,1633754252,2716.502616816442,1,2,9,3
821,1625893543,2569.979339043625,1,2,4,5
822,1619984041,2940.2918904503963,0,26,8,2
823,1635343240,146.97222878253646,1,13,9,3
824,1616105905,1977.5758492450761,1,47,10,4
825,1614922010,3030.9435678058576,1,31,10,3
826,1622847609,2988.617826279322,1,34,5,1
827,1635142337,3964.7804730281578,0,39,7,2
828,1623305220,3275.0466941605428,0,3,10,5
829,1633140252,4960.666581703362,1,8,4,1
830,1638290084,1419.2726430432251,1,23,1,1
831,1638087589,1795.7551483311574,0,14,3,2
832,1619185490,1919.2357593389813,1,27,5,5
833,1623118983,2329.0640351012426,0,29,3,4
834,1639881711,4179.990318906047,1,39,7,5
835,1625623404,1178.9604697960492,1,39,9,3
836,1624296768,3880.0010351771475,0,1,6,1
837,1632480085,2026.550915428717,0,17,10,3
838,1610745843,3009.2769183100427,0,41,1,4
839,1619381392,3162.7026661315303,0,30,7,3
840,1617774590,1864.2431859446724,1,13,3,5
841,1615659846,2563.076026029026,0,21,5,3
842,1616443096,2065.155873238485,1,19,10,4
843,1635019564,345.6639309330972,0,19,4,4
844,1623968387,2185.8269440841327,0,25,10,4
845,1637240099,486.96696276776083,1,22,5,5
846,1614869061,2025.1039954016076,0,31,5,4
847,1631175419,2964.5919991589094,0,17,6,1
848,1632547742,2897.0744967175037,0,23,10,4
849,1631382802,3313.106395041602,0,32,10,3
850,1625391036,476.30753977313145,1,10,6,3
851,1622290795,3260.6162276521895,1,10,8,3
852,1625422517,1560.7402834822353,0,36,8,5
853,1617874598,1995.2297306855555,0,8,9,3
854,1619539546,4289.9312696135285,0,20,8,5
855,1637533897,45.15202064775126,1,32,2,5
856,1609907545,2942.063166703027,1,50,10,4
857,1618596882,2993.5699005005376,1,14,1,1
858,1617286694,1983.29888171781,1,50,10,4
859,1629921917,1185.139285541681,0,28,2,4
860,1611338690,1173.3701913077555,0,46,2,5
861,1625274028,4418.548348303763,0,24,3,5
862,1624668300,2210.1218689142875,1,15,10,3
863,1638512881,1654.4468149458596,0,22,7,3
864,1614443645,2243.8878691570153,1,30,2,4
865,1616398905,3346.9520072968066,1,4,1,2
866,1637801107,728.7828412237585,0,13,6,2
867,1616461787,2247.1691760686886,0,23,9,3
868,1616201671,2939.4218555519346,0,8,3,2
869,1610914108,4742.916774257169,1,18,6,3
870,1620101502,1262.6389103770964,1,12,3,5
871,1612778344,1796.2537395812278,0,31,1,4
872,1618152870,1896.792949612119,0,14,5,1
873,1626026496,3027.690788224414,1,34,10,4
874,1615265666,1783.6602652000083,0,18,4,3
875,1631981004,2667.559626498478,1,34,7,3
876,1622908763,3908.951649225147,1,11,6,4
877,1614763709,3526.927970561018,0,41,10,3
878,1617127416,2231.843232562928,0,12,7,2
879,1614408699,4321.080888370844,0,49,5,2
880,1628623728,2790.7012479693144,0,15,4,3
881,1629930392,2699.5291975110626,1,31,7,3
882,1615522103,170.93882969579087,1,49,7,2
883,1630644640,4933.464901785808,1,29,6,3
884,1630271909,614.8540426481336,0,26,8,3
885,1638013556,1155.6545621382331,1,18,4,4
886,1619273349,258.4841862076348,0,32,10,1
887,1631940153,3200.0148341845684,0,22,5,2
888,1628107819,1123.5058848634,0,38,4,4
889,1615206572,900.0521873636175,0,17,1,1
890,1614307487,442.7779211162069,0,23,8,3
891,1615117996,516.5447856200783,0,24,1,3
892,1627057468,2923.3535022129436,1,50,5,4
893,1619654958,3441.039329332977,0,8,6,3
894,1611684500,1986.8949423220051,1,41,6,5
895,1628091983,2399.485407960366,1,6,5,4
896,1627771253,3429.8386799149207,0,5,3,1
897,1621349076,86.89895092739819,0,44,5,4
898,1612797642,1615.6532853513927,0,29,8,2
899,1631162619,4865.488740351732,1,28,2,4
900,1624423140,2900.5611484773403,0,11,6,3
901,1622301859,1271.1228994874662,1,1,9,3
902,1639434978,2608.6502331810657,0,43,8,5
903,1609882770,1713.2674406045767,0,19,8,5
904,1611832339,2661.2249441314957,1,9,8,5
905,1631458232,628.7075590332441,1,27,7,1
906,1618705966,663.5732690963869,0,34,8,5
907,1628351208,717.7118101969643,1,44,6,1
908,1634677552,4699.098959634209,1,4,2,5
909,1611332621,3664.494591706709,1,36,2,1
910,1632787086,811.9094733116044,1,18,8,4
911,1615541150,941.7454188280072,1,15,1,4
912,1625109504,3654.1473743543816,0,13,6,3
913,1620446068,780.8192239608696,0,19,6,1
914,1616385077,1172.8064666741434,1,49,4,2
915,1636042101,4816.734164101995,0,6,10,3
916,1615426306,1276.5326236421593,0,48,3,4
917,1621143695,3308.1617518557337,1,12,3,1
918,1621166038,4893.156437002652,0,37,1,5
919,1636877752,1871.4838356989633,1,17,3,2
920,1614578122,87.57995431031118,1,23,4,4
921,1633413961,1220.7364521118714,0,26,5,3
922,1631359199,4154.385956708527,1,29,3,1
923,1623101711,4323.044179775184,1,33,6,2
924,1626195813,3842.596822618956,1,27,5,1
925,1620333003,565.5490953828652,1,25,3,5
926,1631765399,3977.5518584820156,1,10,6,3
927,1622108315,4593.3889849675215,0,47,6,1
928,1626397191,3003.0477127311806,0,23,8,4
929,1633585785,4704.376781690325,1,21,2,3
930,1612127067,4134.1944185593875,1,21,1,4
931,1636188323,3334.8575849545364,0,43,4,1
932,1621317209,2885.926183558741,1,13,7,3
933,1632892039,1742.8683362098525,0,37,10,4
934,1617146041,796.4372262140257,1,33,3,5
935,1621623611,3024.769613452704,1,24,3,5
936,1633215153,1590.5577680905974,1,44,5,1
937,1610803227,4332.193337638227,1,11,5,3
938,1613625700,4966.684686793143,1,17,10,2
939,1633703464,3762.138813077863,1,4,3,3
940,1618639075,452.4084764352537,1,47,9,5
941,1617343679,1443.4279776531905,0,25,4,4
942,1609956762,545.5481588287487,0,30,3,2
943,1621696501,3252.558238958579,0,9,2,1
944,1614037438,3825.954322778923,1,21,10,2
945,1630274192,4628.374154403559,1,20,9,1
946,1636629192,2190.8617320599383,1,19,4,2
947,1630247328,4506.878247942222,1,19,3,1
948,1630748148,4389.455795206638,1,12,7,1
949,1615021267,1585.978583826993,1,37,8,2
950,1614696396,4344.503127702855,1,42,2,2
951,1631121627,1878.3612594086323,0,17,7,1
952,1632362735,1484.346372801404,1,37,5,5
953,1636805020,3245.3732939719653,0,48,5,2
954,1611059596,1641.9061394254054,0,39,3,3
955,1629547565,3151.043741645721,1,28,5,4
956,1634747426,3049.159027493473,1,41,2,1
957,1619014396,2817.194636742294,0,35,4,1
958,1622480773,1902.0985211639884,0,47,6,4
959,1628732497,2742.4986082573837,1,48,1,5
960,1620525426,2982.427374927108,1,18,10,4
961,1639393023,2728.434442477367,0,14,4,2
962,1622505668,2222.0972637560076,1,35,6,4
963,1626811694,73.33528523131905,1,44,9,1
964,1631423896,2935.3085385057548,1,41,2,4
965,1627414465,842.2219257135982,0,7,7,3
966,1629316617,3212.879844735948,0,41,6,2
967,1622520119,3796.72163961433,0,13,2,4
968,1616595229,2502.2265456537075,1,18,8,1
969,1638187761,2711.8183248986916,1,37,7,2
970,1629700858,4757.392798329955,0,13,5,1
971,1635899756,4235.836806862871,0,36,5,5
972,1612773892,4571.182579757349,0,31,7,3
973,1622041206,4068.831441597932,1,2,9,5
974,1630956023,544.5917092336572,0,16,9,3
975,1615744288,744.9592798509735,0,9,9,4
976,1627346805,2633.118986344798,1,9,6,2
977,1634652736,1230.3482939899911,1,38,10,4
978,1625812625,2383.477375205796,1,11,6,3
979,1621919455,1971.8266190917511,0,22,3,3
980,1613372142,2747.0711921522666,1,33,1,3
981,1617960624,3734.3785806791134,1,36,7,1
982,1616928010,3577.454535496372,0,45,4,2
983,1611094356,2606.1706624266717,1,23,1,4
984,1634760254,4111.96709408529,0,45,8,4
985,1619614424,2154.310457690167,0,45,6,5
986,1614460245,4483.571449200612,1,34,6,3
987,1613922618,356.40135027581954,1,9,2,3
988,1636008218,4773.300150166538,1,24,1,3
989,1637726384,3273.465407156741,1,8,2,4
990,1619729356,1900.3725446860265,1,7,4,5
991,1613804960,985.7706328643867,1,36,2,1
992,1633390184,2395.9161472179994,0,18,1,2
993,1612710498,972.7916159265048,0,3,7,1
994,1613924350,831.6580387157107,1,28,8,4
995,1634625428,3086.758787064871,0,6,6,3
996,1616709103,2615.4236229089233,1,44,4,2
997,1631134006,3350.4801730547083,0,44,6,4
998,1632425989,4648.029387109946,0,21,3,4
999,1627559899,2661.301066695201,0,28,8,4
1000,1611181520,2904.660266313989,1,40,10,2
